[
  {
    "name": "Process Start",
    "start": 1750144556458,
    "end": 1750144557034,
    "duration": 576,
    "pid": 32144,
    "index": 0
  },
  {
    "name": "Application Start",
    "start": 1750144557035,
    "end": 1750144557295,
    "duration": 260,
    "pid": 32144,
    "index": 1
  },
  {
    "name": "Load Plugin",
    "start": 1750144557052,
    "end": 1750144557068,
    "duration": 16,
    "pid": 32144,
    "index": 2
  },
  {
    "name": "Load Config",
    "start": 1750144557068,
    "end": 1750144557085,
    "duration": 17,
    "pid": 32144,
    "index": 3
  },
  {
    "name": "Require(0) config/config.default.js",
    "start": 1750144557069,
    "end": 1750144557069,
    "duration": 0,
    "pid": 32144,
    "index": 4
  },
  {
    "name": "Require(1) node_modules/egg-session/config/config.default.js",
    "start": 1750144557070,
    "end": 1750144557071,
    "duration": 1,
    "pid": 32144,
    "index": 5
  },
  {
    "name": "Require(2) node_modules/egg-security/config/config.default.js",
    "start": 1750144557071,
    "end": 1750144557071,
    "duration": 0,
    "pid": 32144,
    "index": 6
  },
  {
    "name": "Require(3) node_modules/egg-jsonp/config/config.default.js",
    "start": 1750144557072,
    "end": 1750144557072,
    "duration": 0,
    "pid": 32144,
    "index": 7
  },
  {
    "name": "Require(4) node_modules/egg-onerror/config/config.default.js",
    "start": 1750144557073,
    "end": 1750144557073,
    "duration": 0,
    "pid": 32144,
    "index": 8
  },
  {
    "name": "Require(5) node_modules/egg-i18n/config/config.default.js",
    "start": 1750144557073,
    "end": 1750144557073,
    "duration": 0,
    "pid": 32144,
    "index": 9
  },
  {
    "name": "Require(6) node_modules/egg-watcher/config/config.default.js",
    "start": 1750144557074,
    "end": 1750144557074,
    "duration": 0,
    "pid": 32144,
    "index": 10
  },
  {
    "name": "Require(7) node_modules/egg-schedule/config/config.default.js",
    "start": 1750144557075,
    "end": 1750144557075,
    "duration": 0,
    "pid": 32144,
    "index": 11
  },
  {
    "name": "Require(8) node_modules/egg-multipart/config/config.default.js",
    "start": 1750144557076,
    "end": 1750144557076,
    "duration": 0,
    "pid": 32144,
    "index": 12
  },
  {
    "name": "Require(9) node_modules/egg-development/config/config.default.js",
    "start": 1750144557076,
    "end": 1750144557076,
    "duration": 0,
    "pid": 32144,
    "index": 13
  },
  {
    "name": "Require(10) node_modules/egg-logrotator/config/config.default.js",
    "start": 1750144557077,
    "end": 1750144557077,
    "duration": 0,
    "pid": 32144,
    "index": 14
  },
  {
    "name": "Require(11) node_modules/egg-static/config/config.default.js",
    "start": 1750144557077,
    "end": 1750144557078,
    "duration": 1,
    "pid": 32144,
    "index": 15
  },
  {
    "name": "Require(12) node_modules/egg-view/config/config.default.js",
    "start": 1750144557078,
    "end": 1750144557078,
    "duration": 0,
    "pid": 32144,
    "index": 16
  },
  {
    "name": "Require(13) node_modules/egg/config/config.default.js",
    "start": 1750144557079,
    "end": 1750144557080,
    "duration": 1,
    "pid": 32144,
    "index": 17
  },
  {
    "name": "Require(14) config/config.default.js",
    "start": 1750144557081,
    "end": 1750144557081,
    "duration": 0,
    "pid": 32144,
    "index": 18
  },
  {
    "name": "Require(15) node_modules/egg-security/config/config.local.js",
    "start": 1750144557082,
    "end": 1750144557082,
    "duration": 0,
    "pid": 32144,
    "index": 19
  },
  {
    "name": "Require(16) node_modules/egg-watcher/config/config.local.js",
    "start": 1750144557083,
    "end": 1750144557083,
    "duration": 0,
    "pid": 32144,
    "index": 20
  },
  {
    "name": "Require(17) node_modules/egg-view/config/config.local.js",
    "start": 1750144557084,
    "end": 1750144557084,
    "duration": 0,
    "pid": 32144,
    "index": 21
  },
  {
    "name": "Require(18) node_modules/egg/config/config.local.js",
    "start": 1750144557085,
    "end": 1750144557085,
    "duration": 0,
    "pid": 32144,
    "index": 22
  },
  {
    "name": "Load extend/application.js",
    "start": 1750144557086,
    "end": 1750144557101,
    "duration": 15,
    "pid": 32144,
    "index": 23
  },
  {
    "name": "Require(19) node_modules/egg-session/app/extend/application.js",
    "start": 1750144557086,
    "end": 1750144557087,
    "duration": 1,
    "pid": 32144,
    "index": 24
  },
  {
    "name": "Require(20) node_modules/egg-security/app/extend/application.js",
    "start": 1750144557087,
    "end": 1750144557088,
    "duration": 1,
    "pid": 32144,
    "index": 25
  },
  {
    "name": "Require(21) node_modules/egg-jsonp/app/extend/application.js",
    "start": 1750144557088,
    "end": 1750144557091,
    "duration": 3,
    "pid": 32144,
    "index": 26
  },
  {
    "name": "Require(22) node_modules/egg-schedule/app/extend/application.js",
    "start": 1750144557092,
    "end": 1750144557095,
    "duration": 3,
    "pid": 32144,
    "index": 27
  },
  {
    "name": "Require(23) node_modules/egg-logrotator/app/extend/application.js",
    "start": 1750144557096,
    "end": 1750144557097,
    "duration": 1,
    "pid": 32144,
    "index": 28
  },
  {
    "name": "Require(24) node_modules/egg-view/app/extend/application.js",
    "start": 1750144557097,
    "end": 1750144557098,
    "duration": 1,
    "pid": 32144,
    "index": 29
  },
  {
    "name": "Load extend/request.js",
    "start": 1750144557101,
    "end": 1750144557106,
    "duration": 5,
    "pid": 32144,
    "index": 30
  },
  {
    "name": "Require(25) node_modules/egg/app/extend/request.js",
    "start": 1750144557103,
    "end": 1750144557104,
    "duration": 1,
    "pid": 32144,
    "index": 31
  },
  {
    "name": "Load extend/response.js",
    "start": 1750144557106,
    "end": 1750144557111,
    "duration": 5,
    "pid": 32144,
    "index": 32
  },
  {
    "name": "Require(26) node_modules/egg/app/extend/response.js",
    "start": 1750144557107,
    "end": 1750144557109,
    "duration": 2,
    "pid": 32144,
    "index": 33
  },
  {
    "name": "Load extend/context.js",
    "start": 1750144557111,
    "end": 1750144557138,
    "duration": 27,
    "pid": 32144,
    "index": 34
  },
  {
    "name": "Require(27) node_modules/egg-security/app/extend/context.js",
    "start": 1750144557111,
    "end": 1750144557118,
    "duration": 7,
    "pid": 32144,
    "index": 35
  },
  {
    "name": "Require(28) node_modules/egg-jsonp/app/extend/context.js",
    "start": 1750144557119,
    "end": 1750144557120,
    "duration": 1,
    "pid": 32144,
    "index": 36
  },
  {
    "name": "Require(29) node_modules/egg-i18n/app/extend/context.js",
    "start": 1750144557120,
    "end": 1750144557121,
    "duration": 1,
    "pid": 32144,
    "index": 37
  },
  {
    "name": "Require(30) node_modules/egg-multipart/app/extend/context.js",
    "start": 1750144557121,
    "end": 1750144557133,
    "duration": 12,
    "pid": 32144,
    "index": 38
  },
  {
    "name": "Require(31) node_modules/egg-view/app/extend/context.js",
    "start": 1750144557134,
    "end": 1750144557134,
    "duration": 0,
    "pid": 32144,
    "index": 39
  },
  {
    "name": "Require(32) node_modules/egg/app/extend/context.js",
    "start": 1750144557135,
    "end": 1750144557136,
    "duration": 1,
    "pid": 32144,
    "index": 40
  },
  {
    "name": "Load extend/helper.js",
    "start": 1750144557138,
    "end": 1750144557153,
    "duration": 15,
    "pid": 32144,
    "index": 41
  },
  {
    "name": "Require(33) node_modules/egg-security/app/extend/helper.js",
    "start": 1750144557139,
    "end": 1750144557149,
    "duration": 10,
    "pid": 32144,
    "index": 42
  },
  {
    "name": "Require(34) node_modules/egg/app/extend/helper.js",
    "start": 1750144557151,
    "end": 1750144557151,
    "duration": 0,
    "pid": 32144,
    "index": 43
  },
  {
    "name": "Load app.js",
    "start": 1750144557153,
    "end": 1750144557181,
    "duration": 28,
    "pid": 32144,
    "index": 44
  },
  {
    "name": "Require(35) node_modules/egg-session/app.js",
    "start": 1750144557153,
    "end": 1750144557154,
    "duration": 1,
    "pid": 32144,
    "index": 45
  },
  {
    "name": "Require(36) node_modules/egg-security/app.js",
    "start": 1750144557154,
    "end": 1750144557155,
    "duration": 1,
    "pid": 32144,
    "index": 46
  },
  {
    "name": "Require(37) node_modules/egg-onerror/app.js",
    "start": 1750144557156,
    "end": 1750144557163,
    "duration": 7,
    "pid": 32144,
    "index": 47
  },
  {
    "name": "Require(38) node_modules/egg-i18n/app.js",
    "start": 1750144557163,
    "end": 1750144557169,
    "duration": 6,
    "pid": 32144,
    "index": 48
  },
  {
    "name": "Require(39) node_modules/egg-watcher/app.js",
    "start": 1750144557170,
    "end": 1750144557175,
    "duration": 5,
    "pid": 32144,
    "index": 49
  },
  {
    "name": "Require(40) node_modules/egg-schedule/app.js",
    "start": 1750144557175,
    "end": 1750144557176,
    "duration": 1,
    "pid": 32144,
    "index": 50
  },
  {
    "name": "Require(41) node_modules/egg-multipart/app.js",
    "start": 1750144557176,
    "end": 1750144557177,
    "duration": 1,
    "pid": 32144,
    "index": 51
  },
  {
    "name": "Require(42) node_modules/egg-development/app.js",
    "start": 1750144557177,
    "end": 1750144557177,
    "duration": 0,
    "pid": 32144,
    "index": 52
  },
  {
    "name": "Require(43) node_modules/egg-logrotator/app.js",
    "start": 1750144557177,
    "end": 1750144557178,
    "duration": 1,
    "pid": 32144,
    "index": 53
  },
  {
    "name": "Require(44) node_modules/egg-static/app.js",
    "start": 1750144557178,
    "end": 1750144557178,
    "duration": 0,
    "pid": 32144,
    "index": 54
  },
  {
    "name": "Require(45) plugin/egg-auto-router/app.js",
    "start": 1750144557179,
    "end": 1750144557179,
    "duration": 0,
    "pid": 32144,
    "index": 55
  },
  {
    "name": "Require(46) plugin/egg-swagger-lite/app.js",
    "start": 1750144557180,
    "end": 1750144557180,
    "duration": 0,
    "pid": 32144,
    "index": 56
  },
  {
    "name": "Before Start in node_modules/egg-watcher/lib/init.js:15:14",
    "start": 1750144557188,
    "end": 1750144557295,
    "duration": 107,
    "pid": 32144,
    "index": 57
  },
  {
    "name": "Before Start in plugin/egg-auto-router/app.js:6:7",
    "start": 1750144557208,
    "end": 1750144557288,
    "duration": 80,
    "pid": 32144,
    "index": 58
  },
  {
    "name": "Before Start in plugin/egg-swagger-lite/app.js:7:7",
    "start": 1750144557208,
    "end": 1750144557288,
    "duration": 80,
    "pid": 32144,
    "index": 59
  },
  {
    "name": "Load Service",
    "start": 1750144557208,
    "end": 1750144557211,
    "duration": 3,
    "pid": 32144,
    "index": 60
  },
  {
    "name": "Load \"service\" to Context",
    "start": 1750144557208,
    "end": 1750144557211,
    "duration": 3,
    "pid": 32144,
    "index": 61
  },
  {
    "name": "Load Middleware",
    "start": 1750144557211,
    "end": 1750144557275,
    "duration": 64,
    "pid": 32144,
    "index": 62
  },
  {
    "name": "Load \"middlewares\" to Application",
    "start": 1750144557212,
    "end": 1750144557269,
    "duration": 57,
    "pid": 32144,
    "index": 63
  },
  {
    "name": "Load Controller",
    "start": 1750144557275,
    "end": 1750144557276,
    "duration": 1,
    "pid": 32144,
    "index": 64
  },
  {
    "name": "Load \"controller\" to Application",
    "start": 1750144557275,
    "end": 1750144557276,
    "duration": 1,
    "pid": 32144,
    "index": 65
  },
  {
    "name": "Load Router",
    "start": 1750144557276,
    "end": 1750144557278,
    "duration": 2,
    "pid": 32144,
    "index": 66
  },
  {
    "name": "Require(47) app/router.js",
    "start": 1750144557277,
    "end": 1750144557277,
    "duration": 0,
    "pid": 32144,
    "index": 67
  },
  {
    "name": "Before Start in node_modules/egg-core/lib/egg.js:328:10",
    "start": 1750144557277,
    "end": 1750144557288,
    "duration": 11,
    "pid": 32144,
    "index": 68
  }
]