[
  {
    "name": "Process Start",
    "start": 1750144577455,
    "end": 1750144578026,
    "duration": 571,
    "pid": 30256,
    "index": 0
  },
  {
    "name": "Application Start",
    "start": 1750144578027,
    "end": 1750144578341,
    "duration": 314,
    "pid": 30256,
    "index": 1
  },
  {
    "name": "Load Plugin",
    "start": 1750144578038,
    "end": 1750144578052,
    "duration": 14,
    "pid": 30256,
    "index": 2
  },
  {
    "name": "Load Config",
    "start": 1750144578052,
    "end": 1750144578067,
    "duration": 15,
    "pid": 30256,
    "index": 3
  },
  {
    "name": "Require(0) config/config.default.js",
    "start": 1750144578052,
    "end": 1750144578053,
    "duration": 1,
    "pid": 30256,
    "index": 4
  },
  {
    "name": "Require(1) node_modules/egg-session/config/config.default.js",
    "start": 1750144578054,
    "end": 1750144578054,
    "duration": 0,
    "pid": 30256,
    "index": 5
  },
  {
    "name": "Require(2) node_modules/egg-security/config/config.default.js",
    "start": 1750144578054,
    "end": 1750144578055,
    "duration": 1,
    "pid": 30256,
    "index": 6
  },
  {
    "name": "Require(3) node_modules/egg-jsonp/config/config.default.js",
    "start": 1750144578055,
    "end": 1750144578056,
    "duration": 1,
    "pid": 30256,
    "index": 7
  },
  {
    "name": "Require(4) node_modules/egg-onerror/config/config.default.js",
    "start": 1750144578056,
    "end": 1750144578056,
    "duration": 0,
    "pid": 30256,
    "index": 8
  },
  {
    "name": "Require(5) node_modules/egg-i18n/config/config.default.js",
    "start": 1750144578057,
    "end": 1750144578057,
    "duration": 0,
    "pid": 30256,
    "index": 9
  },
  {
    "name": "Require(6) node_modules/egg-watcher/config/config.default.js",
    "start": 1750144578057,
    "end": 1750144578057,
    "duration": 0,
    "pid": 30256,
    "index": 10
  },
  {
    "name": "Require(7) node_modules/egg-schedule/config/config.default.js",
    "start": 1750144578058,
    "end": 1750144578058,
    "duration": 0,
    "pid": 30256,
    "index": 11
  },
  {
    "name": "Require(8) node_modules/egg-multipart/config/config.default.js",
    "start": 1750144578058,
    "end": 1750144578059,
    "duration": 1,
    "pid": 30256,
    "index": 12
  },
  {
    "name": "Require(9) node_modules/egg-development/config/config.default.js",
    "start": 1750144578059,
    "end": 1750144578059,
    "duration": 0,
    "pid": 30256,
    "index": 13
  },
  {
    "name": "Require(10) node_modules/egg-logrotator/config/config.default.js",
    "start": 1750144578060,
    "end": 1750144578060,
    "duration": 0,
    "pid": 30256,
    "index": 14
  },
  {
    "name": "Require(11) node_modules/egg-static/config/config.default.js",
    "start": 1750144578060,
    "end": 1750144578061,
    "duration": 1,
    "pid": 30256,
    "index": 15
  },
  {
    "name": "Require(12) node_modules/egg-view/config/config.default.js",
    "start": 1750144578061,
    "end": 1750144578061,
    "duration": 0,
    "pid": 30256,
    "index": 16
  },
  {
    "name": "Require(13) node_modules/egg/config/config.default.js",
    "start": 1750144578062,
    "end": 1750144578062,
    "duration": 0,
    "pid": 30256,
    "index": 17
  },
  {
    "name": "Require(14) config/config.default.js",
    "start": 1750144578063,
    "end": 1750144578063,
    "duration": 0,
    "pid": 30256,
    "index": 18
  },
  {
    "name": "Require(15) node_modules/egg-security/config/config.local.js",
    "start": 1750144578064,
    "end": 1750144578064,
    "duration": 0,
    "pid": 30256,
    "index": 19
  },
  {
    "name": "Require(16) node_modules/egg-watcher/config/config.local.js",
    "start": 1750144578065,
    "end": 1750144578065,
    "duration": 0,
    "pid": 30256,
    "index": 20
  },
  {
    "name": "Require(17) node_modules/egg-view/config/config.local.js",
    "start": 1750144578066,
    "end": 1750144578066,
    "duration": 0,
    "pid": 30256,
    "index": 21
  },
  {
    "name": "Require(18) node_modules/egg/config/config.local.js",
    "start": 1750144578066,
    "end": 1750144578067,
    "duration": 1,
    "pid": 30256,
    "index": 22
  },
  {
    "name": "Load extend/application.js",
    "start": 1750144578067,
    "end": 1750144578084,
    "duration": 17,
    "pid": 30256,
    "index": 23
  },
  {
    "name": "Require(19) node_modules/egg-session/app/extend/application.js",
    "start": 1750144578068,
    "end": 1750144578068,
    "duration": 0,
    "pid": 30256,
    "index": 24
  },
  {
    "name": "Require(20) node_modules/egg-security/app/extend/application.js",
    "start": 1750144578069,
    "end": 1750144578069,
    "duration": 0,
    "pid": 30256,
    "index": 25
  },
  {
    "name": "Require(21) node_modules/egg-jsonp/app/extend/application.js",
    "start": 1750144578070,
    "end": 1750144578073,
    "duration": 3,
    "pid": 30256,
    "index": 26
  },
  {
    "name": "Require(22) node_modules/egg-schedule/app/extend/application.js",
    "start": 1750144578074,
    "end": 1750144578077,
    "duration": 3,
    "pid": 30256,
    "index": 27
  },
  {
    "name": "Require(23) node_modules/egg-logrotator/app/extend/application.js",
    "start": 1750144578078,
    "end": 1750144578080,
    "duration": 2,
    "pid": 30256,
    "index": 28
  },
  {
    "name": "Require(24) node_modules/egg-view/app/extend/application.js",
    "start": 1750144578080,
    "end": 1750144578081,
    "duration": 1,
    "pid": 30256,
    "index": 29
  },
  {
    "name": "Load extend/request.js",
    "start": 1750144578084,
    "end": 1750144578089,
    "duration": 5,
    "pid": 30256,
    "index": 30
  },
  {
    "name": "Require(25) node_modules/egg/app/extend/request.js",
    "start": 1750144578086,
    "end": 1750144578087,
    "duration": 1,
    "pid": 30256,
    "index": 31
  },
  {
    "name": "Load extend/response.js",
    "start": 1750144578089,
    "end": 1750144578095,
    "duration": 6,
    "pid": 30256,
    "index": 32
  },
  {
    "name": "Require(26) node_modules/egg/app/extend/response.js",
    "start": 1750144578091,
    "end": 1750144578093,
    "duration": 2,
    "pid": 30256,
    "index": 33
  },
  {
    "name": "Load extend/context.js",
    "start": 1750144578095,
    "end": 1750144578129,
    "duration": 34,
    "pid": 30256,
    "index": 34
  },
  {
    "name": "Require(27) node_modules/egg-security/app/extend/context.js",
    "start": 1750144578095,
    "end": 1750144578106,
    "duration": 11,
    "pid": 30256,
    "index": 35
  },
  {
    "name": "Require(28) node_modules/egg-jsonp/app/extend/context.js",
    "start": 1750144578106,
    "end": 1750144578108,
    "duration": 2,
    "pid": 30256,
    "index": 36
  },
  {
    "name": "Require(29) node_modules/egg-i18n/app/extend/context.js",
    "start": 1750144578108,
    "end": 1750144578108,
    "duration": 0,
    "pid": 30256,
    "index": 37
  },
  {
    "name": "Require(30) node_modules/egg-multipart/app/extend/context.js",
    "start": 1750144578109,
    "end": 1750144578123,
    "duration": 14,
    "pid": 30256,
    "index": 38
  },
  {
    "name": "Require(31) node_modules/egg-view/app/extend/context.js",
    "start": 1750144578123,
    "end": 1750144578124,
    "duration": 1,
    "pid": 30256,
    "index": 39
  },
  {
    "name": "Require(32) node_modules/egg/app/extend/context.js",
    "start": 1750144578125,
    "end": 1750144578126,
    "duration": 1,
    "pid": 30256,
    "index": 40
  },
  {
    "name": "Load extend/helper.js",
    "start": 1750144578129,
    "end": 1750144578152,
    "duration": 23,
    "pid": 30256,
    "index": 41
  },
  {
    "name": "Require(33) node_modules/egg-security/app/extend/helper.js",
    "start": 1750144578130,
    "end": 1750144578146,
    "duration": 16,
    "pid": 30256,
    "index": 42
  },
  {
    "name": "Require(34) node_modules/egg/app/extend/helper.js",
    "start": 1750144578150,
    "end": 1750144578150,
    "duration": 0,
    "pid": 30256,
    "index": 43
  },
  {
    "name": "Load app.js",
    "start": 1750144578153,
    "end": 1750144578186,
    "duration": 33,
    "pid": 30256,
    "index": 44
  },
  {
    "name": "Require(35) node_modules/egg-session/app.js",
    "start": 1750144578153,
    "end": 1750144578153,
    "duration": 0,
    "pid": 30256,
    "index": 45
  },
  {
    "name": "Require(36) node_modules/egg-security/app.js",
    "start": 1750144578154,
    "end": 1750144578155,
    "duration": 1,
    "pid": 30256,
    "index": 46
  },
  {
    "name": "Require(37) node_modules/egg-onerror/app.js",
    "start": 1750144578156,
    "end": 1750144578163,
    "duration": 7,
    "pid": 30256,
    "index": 47
  },
  {
    "name": "Require(38) node_modules/egg-i18n/app.js",
    "start": 1750144578163,
    "end": 1750144578172,
    "duration": 9,
    "pid": 30256,
    "index": 48
  },
  {
    "name": "Require(39) node_modules/egg-watcher/app.js",
    "start": 1750144578172,
    "end": 1750144578178,
    "duration": 6,
    "pid": 30256,
    "index": 49
  },
  {
    "name": "Require(40) node_modules/egg-schedule/app.js",
    "start": 1750144578179,
    "end": 1750144578179,
    "duration": 0,
    "pid": 30256,
    "index": 50
  },
  {
    "name": "Require(41) node_modules/egg-multipart/app.js",
    "start": 1750144578179,
    "end": 1750144578181,
    "duration": 2,
    "pid": 30256,
    "index": 51
  },
  {
    "name": "Require(42) node_modules/egg-development/app.js",
    "start": 1750144578181,
    "end": 1750144578181,
    "duration": 0,
    "pid": 30256,
    "index": 52
  },
  {
    "name": "Require(43) node_modules/egg-logrotator/app.js",
    "start": 1750144578181,
    "end": 1750144578182,
    "duration": 1,
    "pid": 30256,
    "index": 53
  },
  {
    "name": "Require(44) node_modules/egg-static/app.js",
    "start": 1750144578182,
    "end": 1750144578182,
    "duration": 0,
    "pid": 30256,
    "index": 54
  },
  {
    "name": "Require(45) plugin/egg-auto-router/app.js",
    "start": 1750144578183,
    "end": 1750144578184,
    "duration": 1,
    "pid": 30256,
    "index": 55
  },
  {
    "name": "Require(46) plugin/egg-swagger-lite/app.js",
    "start": 1750144578184,
    "end": 1750144578185,
    "duration": 1,
    "pid": 30256,
    "index": 56
  },
  {
    "name": "Before Start in node_modules/egg-watcher/lib/init.js:15:14",
    "start": 1750144578195,
    "end": 1750144578341,
    "duration": 146,
    "pid": 30256,
    "index": 57
  },
  {
    "name": "Before Start in plugin/egg-auto-router/app.js:6:7",
    "start": 1750144578220,
    "end": 1750144578331,
    "duration": 111,
    "pid": 30256,
    "index": 58
  },
  {
    "name": "Before Start in plugin/egg-swagger-lite/app.js:7:7",
    "start": 1750144578220,
    "end": 1750144578331,
    "duration": 111,
    "pid": 30256,
    "index": 59
  },
  {
    "name": "Load Service",
    "start": 1750144578220,
    "end": 1750144578224,
    "duration": 4,
    "pid": 30256,
    "index": 60
  },
  {
    "name": "Load \"service\" to Context",
    "start": 1750144578220,
    "end": 1750144578224,
    "duration": 4,
    "pid": 30256,
    "index": 61
  },
  {
    "name": "Load Middleware",
    "start": 1750144578224,
    "end": 1750144578315,
    "duration": 91,
    "pid": 30256,
    "index": 62
  },
  {
    "name": "Load \"middlewares\" to Application",
    "start": 1750144578225,
    "end": 1750144578306,
    "duration": 81,
    "pid": 30256,
    "index": 63
  },
  {
    "name": "Load Controller",
    "start": 1750144578315,
    "end": 1750144578317,
    "duration": 2,
    "pid": 30256,
    "index": 64
  },
  {
    "name": "Load \"controller\" to Application",
    "start": 1750144578315,
    "end": 1750144578317,
    "duration": 2,
    "pid": 30256,
    "index": 65
  },
  {
    "name": "Load Router",
    "start": 1750144578317,
    "end": 1750144578318,
    "duration": 1,
    "pid": 30256,
    "index": 66
  },
  {
    "name": "Require(47) app/router.js",
    "start": 1750144578317,
    "end": 1750144578317,
    "duration": 0,
    "pid": 30256,
    "index": 67
  },
  {
    "name": "Before Start in node_modules/egg-core/lib/egg.js:328:10",
    "start": 1750144578318,
    "end": 1750144578331,
    "duration": 13,
    "pid": 30256,
    "index": 68
  }
]