[
  {
    "name": "Process Start",
    "start": 1750144536093,
    "end": 1750144536640,
    "duration": 547,
    "pid": 37808,
    "index": 0
  },
  {
    "name": "Application Start",
    "start": 1750144536641,
    "end": 1750144536927,
    "duration": 286,
    "pid": 37808,
    "index": 1
  },
  {
    "name": "Load Plugin",
    "start": 1750144536651,
    "end": 1750144536660,
    "duration": 9,
    "pid": 37808,
    "index": 2
  },
  {
    "name": "Load Config",
    "start": 1750144536660,
    "end": 1750144536674,
    "duration": 14,
    "pid": 37808,
    "index": 3
  },
  {
    "name": "Require(0) config/config.default.js",
    "start": 1750144536660,
    "end": 1750144536661,
    "duration": 1,
    "pid": 37808,
    "index": 4
  },
  {
    "name": "Require(1) node_modules/egg-session/config/config.default.js",
    "start": 1750144536661,
    "end": 1750144536662,
    "duration": 1,
    "pid": 37808,
    "index": 5
  },
  {
    "name": "Require(2) node_modules/egg-security/config/config.default.js",
    "start": 1750144536662,
    "end": 1750144536662,
    "duration": 0,
    "pid": 37808,
    "index": 6
  },
  {
    "name": "Require(3) node_modules/egg-jsonp/config/config.default.js",
    "start": 1750144536663,
    "end": 1750144536663,
    "duration": 0,
    "pid": 37808,
    "index": 7
  },
  {
    "name": "Require(4) node_modules/egg-onerror/config/config.default.js",
    "start": 1750144536663,
    "end": 1750144536664,
    "duration": 1,
    "pid": 37808,
    "index": 8
  },
  {
    "name": "Require(5) node_modules/egg-i18n/config/config.default.js",
    "start": 1750144536664,
    "end": 1750144536664,
    "duration": 0,
    "pid": 37808,
    "index": 9
  },
  {
    "name": "Require(6) node_modules/egg-watcher/config/config.default.js",
    "start": 1750144536665,
    "end": 1750144536665,
    "duration": 0,
    "pid": 37808,
    "index": 10
  },
  {
    "name": "Require(7) node_modules/egg-schedule/config/config.default.js",
    "start": 1750144536665,
    "end": 1750144536665,
    "duration": 0,
    "pid": 37808,
    "index": 11
  },
  {
    "name": "Require(8) node_modules/egg-multipart/config/config.default.js",
    "start": 1750144536666,
    "end": 1750144536666,
    "duration": 0,
    "pid": 37808,
    "index": 12
  },
  {
    "name": "Require(9) node_modules/egg-development/config/config.default.js",
    "start": 1750144536667,
    "end": 1750144536667,
    "duration": 0,
    "pid": 37808,
    "index": 13
  },
  {
    "name": "Require(10) node_modules/egg-logrotator/config/config.default.js",
    "start": 1750144536667,
    "end": 1750144536667,
    "duration": 0,
    "pid": 37808,
    "index": 14
  },
  {
    "name": "Require(11) node_modules/egg-static/config/config.default.js",
    "start": 1750144536668,
    "end": 1750144536668,
    "duration": 0,
    "pid": 37808,
    "index": 15
  },
  {
    "name": "Require(12) node_modules/egg-view/config/config.default.js",
    "start": 1750144536668,
    "end": 1750144536668,
    "duration": 0,
    "pid": 37808,
    "index": 16
  },
  {
    "name": "Require(13) node_modules/egg/config/config.default.js",
    "start": 1750144536669,
    "end": 1750144536669,
    "duration": 0,
    "pid": 37808,
    "index": 17
  },
  {
    "name": "Require(14) config/config.default.js",
    "start": 1750144536670,
    "end": 1750144536670,
    "duration": 0,
    "pid": 37808,
    "index": 18
  },
  {
    "name": "Require(15) node_modules/egg-security/config/config.local.js",
    "start": 1750144536671,
    "end": 1750144536671,
    "duration": 0,
    "pid": 37808,
    "index": 19
  },
  {
    "name": "Require(16) node_modules/egg-watcher/config/config.local.js",
    "start": 1750144536672,
    "end": 1750144536672,
    "duration": 0,
    "pid": 37808,
    "index": 20
  },
  {
    "name": "Require(17) node_modules/egg-view/config/config.local.js",
    "start": 1750144536673,
    "end": 1750144536673,
    "duration": 0,
    "pid": 37808,
    "index": 21
  },
  {
    "name": "Require(18) node_modules/egg/config/config.local.js",
    "start": 1750144536673,
    "end": 1750144536674,
    "duration": 1,
    "pid": 37808,
    "index": 22
  },
  {
    "name": "Load extend/application.js",
    "start": 1750144536674,
    "end": 1750144536687,
    "duration": 13,
    "pid": 37808,
    "index": 23
  },
  {
    "name": "Require(19) node_modules/egg-session/app/extend/application.js",
    "start": 1750144536675,
    "end": 1750144536675,
    "duration": 0,
    "pid": 37808,
    "index": 24
  },
  {
    "name": "Require(20) node_modules/egg-security/app/extend/application.js",
    "start": 1750144536675,
    "end": 1750144536676,
    "duration": 1,
    "pid": 37808,
    "index": 25
  },
  {
    "name": "Require(21) node_modules/egg-jsonp/app/extend/application.js",
    "start": 1750144536676,
    "end": 1750144536679,
    "duration": 3,
    "pid": 37808,
    "index": 26
  },
  {
    "name": "Require(22) node_modules/egg-schedule/app/extend/application.js",
    "start": 1750144536680,
    "end": 1750144536683,
    "duration": 3,
    "pid": 37808,
    "index": 27
  },
  {
    "name": "Require(23) node_modules/egg-logrotator/app/extend/application.js",
    "start": 1750144536684,
    "end": 1750144536684,
    "duration": 0,
    "pid": 37808,
    "index": 28
  },
  {
    "name": "Require(24) node_modules/egg-view/app/extend/application.js",
    "start": 1750144536685,
    "end": 1750144536685,
    "duration": 0,
    "pid": 37808,
    "index": 29
  },
  {
    "name": "Load extend/request.js",
    "start": 1750144536687,
    "end": 1750144536694,
    "duration": 7,
    "pid": 37808,
    "index": 30
  },
  {
    "name": "Require(25) node_modules/egg/app/extend/request.js",
    "start": 1750144536691,
    "end": 1750144536692,
    "duration": 1,
    "pid": 37808,
    "index": 31
  },
  {
    "name": "Load extend/response.js",
    "start": 1750144536694,
    "end": 1750144536700,
    "duration": 6,
    "pid": 37808,
    "index": 32
  },
  {
    "name": "Require(26) node_modules/egg/app/extend/response.js",
    "start": 1750144536697,
    "end": 1750144536698,
    "duration": 1,
    "pid": 37808,
    "index": 33
  },
  {
    "name": "Load extend/context.js",
    "start": 1750144536700,
    "end": 1750144536729,
    "duration": 29,
    "pid": 37808,
    "index": 34
  },
  {
    "name": "Require(27) node_modules/egg-security/app/extend/context.js",
    "start": 1750144536700,
    "end": 1750144536709,
    "duration": 9,
    "pid": 37808,
    "index": 35
  },
  {
    "name": "Require(28) node_modules/egg-jsonp/app/extend/context.js",
    "start": 1750144536709,
    "end": 1750144536710,
    "duration": 1,
    "pid": 37808,
    "index": 36
  },
  {
    "name": "Require(29) node_modules/egg-i18n/app/extend/context.js",
    "start": 1750144536710,
    "end": 1750144536711,
    "duration": 1,
    "pid": 37808,
    "index": 37
  },
  {
    "name": "Require(30) node_modules/egg-multipart/app/extend/context.js",
    "start": 1750144536711,
    "end": 1750144536724,
    "duration": 13,
    "pid": 37808,
    "index": 38
  },
  {
    "name": "Require(31) node_modules/egg-view/app/extend/context.js",
    "start": 1750144536725,
    "end": 1750144536726,
    "duration": 1,
    "pid": 37808,
    "index": 39
  },
  {
    "name": "Require(32) node_modules/egg/app/extend/context.js",
    "start": 1750144536726,
    "end": 1750144536727,
    "duration": 1,
    "pid": 37808,
    "index": 40
  },
  {
    "name": "Load extend/helper.js",
    "start": 1750144536730,
    "end": 1750144536750,
    "duration": 20,
    "pid": 37808,
    "index": 41
  },
  {
    "name": "Require(33) node_modules/egg-security/app/extend/helper.js",
    "start": 1750144536730,
    "end": 1750144536742,
    "duration": 12,
    "pid": 37808,
    "index": 42
  },
  {
    "name": "Require(34) node_modules/egg/app/extend/helper.js",
    "start": 1750144536745,
    "end": 1750144536746,
    "duration": 1,
    "pid": 37808,
    "index": 43
  },
  {
    "name": "Load app.js",
    "start": 1750144536750,
    "end": 1750144536789,
    "duration": 39,
    "pid": 37808,
    "index": 44
  },
  {
    "name": "Require(35) node_modules/egg-session/app.js",
    "start": 1750144536750,
    "end": 1750144536750,
    "duration": 0,
    "pid": 37808,
    "index": 45
  },
  {
    "name": "Require(36) node_modules/egg-security/app.js",
    "start": 1750144536751,
    "end": 1750144536752,
    "duration": 1,
    "pid": 37808,
    "index": 46
  },
  {
    "name": "Require(37) node_modules/egg-onerror/app.js",
    "start": 1750144536753,
    "end": 1750144536761,
    "duration": 8,
    "pid": 37808,
    "index": 47
  },
  {
    "name": "Require(38) node_modules/egg-i18n/app.js",
    "start": 1750144536762,
    "end": 1750144536770,
    "duration": 8,
    "pid": 37808,
    "index": 48
  },
  {
    "name": "Require(39) node_modules/egg-watcher/app.js",
    "start": 1750144536770,
    "end": 1750144536778,
    "duration": 8,
    "pid": 37808,
    "index": 49
  },
  {
    "name": "Require(40) node_modules/egg-schedule/app.js",
    "start": 1750144536778,
    "end": 1750144536779,
    "duration": 1,
    "pid": 37808,
    "index": 50
  },
  {
    "name": "Require(41) node_modules/egg-multipart/app.js",
    "start": 1750144536779,
    "end": 1750144536781,
    "duration": 2,
    "pid": 37808,
    "index": 51
  },
  {
    "name": "Require(42) node_modules/egg-development/app.js",
    "start": 1750144536782,
    "end": 1750144536783,
    "duration": 1,
    "pid": 37808,
    "index": 52
  },
  {
    "name": "Require(43) node_modules/egg-logrotator/app.js",
    "start": 1750144536784,
    "end": 1750144536784,
    "duration": 0,
    "pid": 37808,
    "index": 53
  },
  {
    "name": "Require(44) node_modules/egg-static/app.js",
    "start": 1750144536784,
    "end": 1750144536785,
    "duration": 1,
    "pid": 37808,
    "index": 54
  },
  {
    "name": "Require(45) plugin/egg-auto-router/app.js",
    "start": 1750144536785,
    "end": 1750144536786,
    "duration": 1,
    "pid": 37808,
    "index": 55
  },
  {
    "name": "Require(46) plugin/egg-swagger-lite/app.js",
    "start": 1750144536786,
    "end": 1750144536788,
    "duration": 2,
    "pid": 37808,
    "index": 56
  },
  {
    "name": "Before Start in node_modules/egg-watcher/lib/init.js:15:14",
    "start": 1750144536797,
    "end": 1750144536926,
    "duration": 129,
    "pid": 37808,
    "index": 57
  },
  {
    "name": "Before Start in plugin/egg-auto-router/app.js:6:7",
    "start": 1750144536821,
    "end": 1750144536915,
    "duration": 94,
    "pid": 37808,
    "index": 58
  },
  {
    "name": "Before Start in plugin/egg-swagger-lite/app.js:7:7",
    "start": 1750144536822,
    "end": 1750144536915,
    "duration": 93,
    "pid": 37808,
    "index": 59
  },
  {
    "name": "Load Service",
    "start": 1750144536822,
    "end": 1750144536825,
    "duration": 3,
    "pid": 37808,
    "index": 60
  },
  {
    "name": "Load \"service\" to Context",
    "start": 1750144536822,
    "end": 1750144536825,
    "duration": 3,
    "pid": 37808,
    "index": 61
  },
  {
    "name": "Load Middleware",
    "start": 1750144536825,
    "end": 1750144536893,
    "duration": 68,
    "pid": 37808,
    "index": 62
  },
  {
    "name": "Load \"middlewares\" to Application",
    "start": 1750144536825,
    "end": 1750144536883,
    "duration": 58,
    "pid": 37808,
    "index": 63
  },
  {
    "name": "Load Controller",
    "start": 1750144536893,
    "end": 1750144536894,
    "duration": 1,
    "pid": 37808,
    "index": 64
  },
  {
    "name": "Load \"controller\" to Application",
    "start": 1750144536893,
    "end": 1750144536894,
    "duration": 1,
    "pid": 37808,
    "index": 65
  },
  {
    "name": "Load Router",
    "start": 1750144536894,
    "end": 1750144536896,
    "duration": 2,
    "pid": 37808,
    "index": 66
  },
  {
    "name": "Require(47) app/router.js",
    "start": 1750144536895,
    "end": 1750144536895,
    "duration": 0,
    "pid": 37808,
    "index": 67
  },
  {
    "name": "Before Start in node_modules/egg-core/lib/egg.js:328:10",
    "start": 1750144536895,
    "end": 1750144536915,
    "duration": 20,
    "pid": 37808,
    "index": 68
  }
]