[
  {
    "name": "Process Start",
    "start": 1750144459991,
    "end": 1750144460439,
    "duration": 448,
    "pid": 38988,
    "index": 0
  },
  {
    "name": "Application Start",
    "start": 1750144460439,
    "end": 1750144460629,
    "duration": 190,
    "pid": 38988,
    "index": 1
  },
  {
    "name": "Load Plugin",
    "start": 1750144460447,
    "end": 1750144460454,
    "duration": 7,
    "pid": 38988,
    "index": 2
  },
  {
    "name": "Load Config",
    "start": 1750144460454,
    "end": 1750144460466,
    "duration": 12,
    "pid": 38988,
    "index": 3
  },
  {
    "name": "Require(0) config/config.default.js",
    "start": 1750144460455,
    "end": 1750144460455,
    "duration": 0,
    "pid": 38988,
    "index": 4
  },
  {
    "name": "Require(1) node_modules/egg-session/config/config.default.js",
    "start": 1750144460456,
    "end": 1750144460456,
    "duration": 0,
    "pid": 38988,
    "index": 5
  },
  {
    "name": "Require(2) node_modules/egg-security/config/config.default.js",
    "start": 1750144460456,
    "end": 1750144460456,
    "duration": 0,
    "pid": 38988,
    "index": 6
  },
  {
    "name": "Require(3) node_modules/egg-jsonp/config/config.default.js",
    "start": 1750144460457,
    "end": 1750144460457,
    "duration": 0,
    "pid": 38988,
    "index": 7
  },
  {
    "name": "Require(4) node_modules/egg-onerror/config/config.default.js",
    "start": 1750144460457,
    "end": 1750144460458,
    "duration": 1,
    "pid": 38988,
    "index": 8
  },
  {
    "name": "Require(5) node_modules/egg-i18n/config/config.default.js",
    "start": 1750144460458,
    "end": 1750144460458,
    "duration": 0,
    "pid": 38988,
    "index": 9
  },
  {
    "name": "Require(6) node_modules/egg-watcher/config/config.default.js",
    "start": 1750144460459,
    "end": 1750144460459,
    "duration": 0,
    "pid": 38988,
    "index": 10
  },
  {
    "name": "Require(7) node_modules/egg-schedule/config/config.default.js",
    "start": 1750144460460,
    "end": 1750144460460,
    "duration": 0,
    "pid": 38988,
    "index": 11
  },
  {
    "name": "Require(8) node_modules/egg-multipart/config/config.default.js",
    "start": 1750144460460,
    "end": 1750144460460,
    "duration": 0,
    "pid": 38988,
    "index": 12
  },
  {
    "name": "Require(9) node_modules/egg-development/config/config.default.js",
    "start": 1750144460461,
    "end": 1750144460461,
    "duration": 0,
    "pid": 38988,
    "index": 13
  },
  {
    "name": "Require(10) node_modules/egg-logrotator/config/config.default.js",
    "start": 1750144460461,
    "end": 1750144460461,
    "duration": 0,
    "pid": 38988,
    "index": 14
  },
  {
    "name": "Require(11) node_modules/egg-static/config/config.default.js",
    "start": 1750144460462,
    "end": 1750144460462,
    "duration": 0,
    "pid": 38988,
    "index": 15
  },
  {
    "name": "Require(12) node_modules/egg-view/config/config.default.js",
    "start": 1750144460462,
    "end": 1750144460462,
    "duration": 0,
    "pid": 38988,
    "index": 16
  },
  {
    "name": "Require(13) node_modules/egg/config/config.default.js",
    "start": 1750144460463,
    "end": 1750144460463,
    "duration": 0,
    "pid": 38988,
    "index": 17
  },
  {
    "name": "Require(14) config/config.default.js",
    "start": 1750144460464,
    "end": 1750144460464,
    "duration": 0,
    "pid": 38988,
    "index": 18
  },
  {
    "name": "Require(15) node_modules/egg-security/config/config.local.js",
    "start": 1750144460464,
    "end": 1750144460464,
    "duration": 0,
    "pid": 38988,
    "index": 19
  },
  {
    "name": "Require(16) node_modules/egg-watcher/config/config.local.js",
    "start": 1750144460465,
    "end": 1750144460465,
    "duration": 0,
    "pid": 38988,
    "index": 20
  },
  {
    "name": "Require(17) node_modules/egg-view/config/config.local.js",
    "start": 1750144460465,
    "end": 1750144460466,
    "duration": 1,
    "pid": 38988,
    "index": 21
  },
  {
    "name": "Require(18) node_modules/egg/config/config.local.js",
    "start": 1750144460466,
    "end": 1750144460466,
    "duration": 0,
    "pid": 38988,
    "index": 22
  },
  {
    "name": "Load extend/application.js",
    "start": 1750144460467,
    "end": 1750144460475,
    "duration": 8,
    "pid": 38988,
    "index": 23
  },
  {
    "name": "Require(19) node_modules/egg-session/app/extend/application.js",
    "start": 1750144460467,
    "end": 1750144460467,
    "duration": 0,
    "pid": 38988,
    "index": 24
  },
  {
    "name": "Require(20) node_modules/egg-security/app/extend/application.js",
    "start": 1750144460467,
    "end": 1750144460468,
    "duration": 1,
    "pid": 38988,
    "index": 25
  },
  {
    "name": "Require(21) node_modules/egg-jsonp/app/extend/application.js",
    "start": 1750144460468,
    "end": 1750144460470,
    "duration": 2,
    "pid": 38988,
    "index": 26
  },
  {
    "name": "Require(22) node_modules/egg-schedule/app/extend/application.js",
    "start": 1750144460470,
    "end": 1750144460472,
    "duration": 2,
    "pid": 38988,
    "index": 27
  },
  {
    "name": "Require(23) node_modules/egg-logrotator/app/extend/application.js",
    "start": 1750144460472,
    "end": 1750144460473,
    "duration": 1,
    "pid": 38988,
    "index": 28
  },
  {
    "name": "Require(24) node_modules/egg-view/app/extend/application.js",
    "start": 1750144460473,
    "end": 1750144460474,
    "duration": 1,
    "pid": 38988,
    "index": 29
  },
  {
    "name": "Load extend/request.js",
    "start": 1750144460475,
    "end": 1750144460481,
    "duration": 6,
    "pid": 38988,
    "index": 30
  },
  {
    "name": "Require(25) node_modules/egg/app/extend/request.js",
    "start": 1750144460477,
    "end": 1750144460478,
    "duration": 1,
    "pid": 38988,
    "index": 31
  },
  {
    "name": "Load extend/response.js",
    "start": 1750144460481,
    "end": 1750144460485,
    "duration": 4,
    "pid": 38988,
    "index": 32
  },
  {
    "name": "Require(26) node_modules/egg/app/extend/response.js",
    "start": 1750144460483,
    "end": 1750144460484,
    "duration": 1,
    "pid": 38988,
    "index": 33
  },
  {
    "name": "Load extend/context.js",
    "start": 1750144460485,
    "end": 1750144460504,
    "duration": 19,
    "pid": 38988,
    "index": 34
  },
  {
    "name": "Require(27) node_modules/egg-security/app/extend/context.js",
    "start": 1750144460486,
    "end": 1750144460490,
    "duration": 4,
    "pid": 38988,
    "index": 35
  },
  {
    "name": "Require(28) node_modules/egg-jsonp/app/extend/context.js",
    "start": 1750144460491,
    "end": 1750144460491,
    "duration": 0,
    "pid": 38988,
    "index": 36
  },
  {
    "name": "Require(29) node_modules/egg-i18n/app/extend/context.js",
    "start": 1750144460491,
    "end": 1750144460492,
    "duration": 1,
    "pid": 38988,
    "index": 37
  },
  {
    "name": "Require(30) node_modules/egg-multipart/app/extend/context.js",
    "start": 1750144460492,
    "end": 1750144460501,
    "duration": 9,
    "pid": 38988,
    "index": 38
  },
  {
    "name": "Require(31) node_modules/egg-view/app/extend/context.js",
    "start": 1750144460501,
    "end": 1750144460502,
    "duration": 1,
    "pid": 38988,
    "index": 39
  },
  {
    "name": "Require(32) node_modules/egg/app/extend/context.js",
    "start": 1750144460502,
    "end": 1750144460503,
    "duration": 1,
    "pid": 38988,
    "index": 40
  },
  {
    "name": "Load extend/helper.js",
    "start": 1750144460504,
    "end": 1750144460514,
    "duration": 10,
    "pid": 38988,
    "index": 41
  },
  {
    "name": "Require(33) node_modules/egg-security/app/extend/helper.js",
    "start": 1750144460504,
    "end": 1750144460511,
    "duration": 7,
    "pid": 38988,
    "index": 42
  },
  {
    "name": "Require(34) node_modules/egg/app/extend/helper.js",
    "start": 1750144460512,
    "end": 1750144460512,
    "duration": 0,
    "pid": 38988,
    "index": 43
  },
  {
    "name": "Load app.js",
    "start": 1750144460514,
    "end": 1750144460536,
    "duration": 22,
    "pid": 38988,
    "index": 44
  },
  {
    "name": "Require(35) node_modules/egg-session/app.js",
    "start": 1750144460515,
    "end": 1750144460515,
    "duration": 0,
    "pid": 38988,
    "index": 45
  },
  {
    "name": "Require(36) node_modules/egg-security/app.js",
    "start": 1750144460515,
    "end": 1750144460516,
    "duration": 1,
    "pid": 38988,
    "index": 46
  },
  {
    "name": "Require(37) node_modules/egg-onerror/app.js",
    "start": 1750144460516,
    "end": 1750144460521,
    "duration": 5,
    "pid": 38988,
    "index": 47
  },
  {
    "name": "Require(38) node_modules/egg-i18n/app.js",
    "start": 1750144460521,
    "end": 1750144460526,
    "duration": 5,
    "pid": 38988,
    "index": 48
  },
  {
    "name": "Require(39) node_modules/egg-watcher/app.js",
    "start": 1750144460526,
    "end": 1750144460530,
    "duration": 4,
    "pid": 38988,
    "index": 49
  },
  {
    "name": "Require(40) node_modules/egg-schedule/app.js",
    "start": 1750144460530,
    "end": 1750144460531,
    "duration": 1,
    "pid": 38988,
    "index": 50
  },
  {
    "name": "Require(41) node_modules/egg-multipart/app.js",
    "start": 1750144460531,
    "end": 1750144460531,
    "duration": 0,
    "pid": 38988,
    "index": 51
  },
  {
    "name": "Require(42) node_modules/egg-development/app.js",
    "start": 1750144460532,
    "end": 1750144460532,
    "duration": 0,
    "pid": 38988,
    "index": 52
  },
  {
    "name": "Require(43) node_modules/egg-logrotator/app.js",
    "start": 1750144460532,
    "end": 1750144460532,
    "duration": 0,
    "pid": 38988,
    "index": 53
  },
  {
    "name": "Require(44) node_modules/egg-static/app.js",
    "start": 1750144460532,
    "end": 1750144460533,
    "duration": 1,
    "pid": 38988,
    "index": 54
  },
  {
    "name": "Require(45) plugin/egg-auto-router/app.js",
    "start": 1750144460533,
    "end": 1750144460534,
    "duration": 1,
    "pid": 38988,
    "index": 55
  },
  {
    "name": "Require(46) plugin/egg-swagger-lite/app.js",
    "start": 1750144460534,
    "end": 1750144460535,
    "duration": 1,
    "pid": 38988,
    "index": 56
  },
  {
    "name": "Before Start in node_modules/egg-watcher/lib/init.js:15:14",
    "start": 1750144460542,
    "end": 1750144460629,
    "duration": 87,
    "pid": 38988,
    "index": 57
  },
  {
    "name": "Before Start in plugin/egg-auto-router/app.js:6:7",
    "start": 1750144460562,
    "end": 1750144460622,
    "duration": 60,
    "pid": 38988,
    "index": 58
  },
  {
    "name": "Before Start in plugin/egg-swagger-lite/app.js:7:7",
    "start": 1750144460562,
    "end": 1750144460622,
    "duration": 60,
    "pid": 38988,
    "index": 59
  },
  {
    "name": "Load Service",
    "start": 1750144460562,
    "end": 1750144460565,
    "duration": 3,
    "pid": 38988,
    "index": 60
  },
  {
    "name": "Load \"service\" to Context",
    "start": 1750144460562,
    "end": 1750144460565,
    "duration": 3,
    "pid": 38988,
    "index": 61
  },
  {
    "name": "Load Middleware",
    "start": 1750144460565,
    "end": 1750144460610,
    "duration": 45,
    "pid": 38988,
    "index": 62
  },
  {
    "name": "Load \"middlewares\" to Application",
    "start": 1750144460565,
    "end": 1750144460605,
    "duration": 40,
    "pid": 38988,
    "index": 63
  },
  {
    "name": "Load Controller",
    "start": 1750144460610,
    "end": 1750144460611,
    "duration": 1,
    "pid": 38988,
    "index": 64
  },
  {
    "name": "Load \"controller\" to Application",
    "start": 1750144460610,
    "end": 1750144460611,
    "duration": 1,
    "pid": 38988,
    "index": 65
  },
  {
    "name": "Load Router",
    "start": 1750144460611,
    "end": 1750144460612,
    "duration": 1,
    "pid": 38988,
    "index": 66
  },
  {
    "name": "Require(47) app/router.js",
    "start": 1750144460611,
    "end": 1750144460611,
    "duration": 0,
    "pid": 38988,
    "index": 67
  },
  {
    "name": "Before Start in node_modules/egg-core/lib/egg.js:328:10",
    "start": 1750144460612,
    "end": 1750144460622,
    "duration": 10,
    "pid": 38988,
    "index": 68
  }
]