[
  {
    "name": null,
    "methods": [
      "HEAD",
      "GET"
    ],
    "paramNames": [],
    "path": "/health",
    "regexp": "/^\\/health(?:\\/(?=$))?$/",
    "stack": [
      "wrappedController"
    ]
  },
  {
    "name": null,
    "methods": [
      "HEAD",
      "GET"
    ],
    "paramNames": [
      {
        "name": "id",
        "prefix": "/",
        "delimiter": "/",
        "optional": false,
        "repeat": false,
        "partial": false,
        "asterisk": false,
        "pattern": "[^\\/]+?"
      }
    ],
    "path": "/home/:id",
    "regexp": "/^\\/home\\/((?:[^\\/]+?))(?:\\/(?=$))?$/",
    "stack": [
      "wrappedController"
    ]
  },
  {
    "name": null,
    "methods": [
      "POST"
    ],
    "paramNames": [],
    "path": "/test",
    "regexp": "/^\\/test(?:\\/(?=$))?$/",
    "stack": [
      "wrappedController"
    ]
  },
  {
    "name": null,
    "methods": [
      "HEAD",
      "GET"
    ],
    "paramNames": [
      {
        "name": "id",
        "prefix": "/",
        "delimiter": "/",
        "optional": false,
        "repeat": false,
        "partial": false,
        "asterisk": false,
        "pattern": "[^\\/]+?"
      }
    ],
    "path": "/home/:id",
    "regexp": "/^\\/home\\/((?:[^\\/]+?))(?:\\/(?=$))?$/",
    "stack": [
      "wrappedController"
    ]
  },
  {
    "name": null,
    "methods": [
      "POST"
    ],
    "paramNames": [],
    "path": "/test",
    "regexp": "/^\\/test(?:\\/(?=$))?$/",
    "stack": [
      "wrappedController"
    ]
  },
  {
    "name": null,
    "methods": [
      "HEAD",
      "GET"
    ],
    "paramNames": [],
    "path": "/swagger.json",
    "regexp": "/^\\/swagger\\.json(?:\\/(?=$))?$/",
    "stack": [
      "wrappedController"
    ]
  },
  {
    "name": null,
    "methods": [
      "HEAD",
      "GET"
    ],
    "paramNames": [],
    "path": "/docs",
    "regexp": "/^\\/docs(?:\\/(?=$))?$/",
    "stack": [
      "wrappedController"
    ]
  },
  {
    "name": null,
    "methods": [
      "HEAD",
      "GET"
    ],
    "paramNames": [
      {
        "name": 0,
        "prefix": "/",
        "delimiter": "/",
        "optional": false,
        "repeat": false,
        "partial": false,
        "asterisk": false,
        "pattern": ".*"
      }
    ],
    "path": "/docs/(.*)",
    "regexp": "/^\\/docs\\/((?:.*))(?:\\/(?=$))?$/",
    "stack": [
      "wrappedController"
    ]
  }
]